customer_id,customer_name,email,registration_date,customer_type,email_valid
C0001,Aryan Maharaj,udantdewan@example.net,2026-04-23,VIP,True
C0002,Gagan Sami,balangirik@example.org,2025-03-13,REGULAR,True
C0003,Yashasvi Bala,onikannan@example.com,2023-05-24,REGULAR,True
C0004,Abeer Dutta,roak@example.org,2026-04-09,REGULAR,True
C0005,Gayathri Chaudry,raigunbir@example.com,2025-02-22,VIP,True
C0006,Aishani Bassi,hyadav@example.com,2023-04-21,REGULAR,True
C0007,Chaaya Pathak,ekarajbath@example.net,2023-05-24,PREMIUM,True
C0008,Bimala Buch,harrisonrai@example.com,2024-11-21,REGULAR,True
C0009,Janya Gaba,isha34@example.net,2025-07-22,VIP,True
C0010,Onveer Walla,nihalshere@example.com,2024-11-21,REGULAR,True
C0011,Theodore Nair,karnikazad@example.com,2024-07-24,REGULAR,True
C0012,Amrita Bhatti,divyakala@example.net,2025-11-27,PREMIUM,True
C0013,Meghana Shanker,alkadewan@example.org,2024-12-19,REGULAR,True
C0014,Priya Rastogi,theodore28@example.com,2023-06-11,REGULAR,True
C0015,Champak Choudhary,nathanielsami@example.net,2024-04-29,REGULAR,True
C0016,Lekha Raj,qwadhwa@example.net,2024-06-03,VIP,True
C0017,Ishwar Yadav,harini14@example.com,2026-01-22,REGULAR,True
C0018,Sudiksha Aggarwal,xiti28@example.org,2024-10-29,REGULAR,True
C0019,Yashica Issac,kashviedwin@example.net,2025-11-19,PREMIUM,True
C0020,Ekiya Suresh,choudhuryjanani@example.com,2024-05-27,REGULAR,True
C0021,Dalbir Khosla,chadavedika@example.org,2025-04-10,VIP,True
C0022,Kabir Soman,alkawable@example.net,2026-01-18,VIP,True
C0023,Siddharth Zacharia,devikarastogi@example.net,2023-06-16,VIP,True
C0024,Raksha Varughese,pdara@example.org,2023-11-10,PREMIUM,True
C0025,Hamsini Bail,thomasamble@example.org,2023-04-30,REGULAR,True
C0026,Veer Bir,narayananekavir@example.net,2026-02-19,REGULAR,True
C0027,Arya Sunder,kevinsolanki@example.org,2024-09-05,PREMIUM,True
C0028,Niharika Gupta,chatterjeeraagini@example.com,2025-04-07,VIP,True
C0029,Nirja Sibal,chaudharidarsh@example.com,2024-09-07,REGULAR,True
C0030,Ikbal Kothari,ranveeryadav@example.com,2024-03-25,VIP,True
C0031,Pahal Goswami,turvi31@example.com,2024-12-18,REGULAR,True
C0032,Chandresh Zachariah,chanderwarjas@example.org,2023-04-21,VIP,True
C0033,Vedika Srivastava,nandinibhargava@example.org,2024-01-18,VIP,True
C0034,Aarnav Ramakrishnan,suhani46@example.net,2025-03-21,REGULAR,True
C0035,Mohammed Gupta,teerth09@example.net,2025-12-09,REGULAR,True
C0036,Dipta Bhandari,soodyadavi@example.net,2025-08-04,VIP,True
C0037,Dakshesh Trivedi,grewalekapad@example.net,2024-01-31,VIP,True
C0038,Wahab Raval,koshybalveer@example.net,2024-04-23,VIP,True
C0039,Oni Virk,advika35@example.org,2023-06-26,PREMIUM,True
C0040,Meghana Deep,tanvi51@example.org,2026-05-21,VIP,True
C0041,Harish Borah,yashawinilanka@example.org,2023-06-10,PREMIUM,True
C0042,Ekapad Konda,bhavani27@example.net,2024-07-17,REGULAR,True
C0043,Abhiram Mistry,desaiaishani@example.org,2025-07-25,PREMIUM,True
C0044,Nachiket Magar,shivansh53@example.net,2024-12-21,VIP,True
C0045,Yashasvi Suresh,charan16@example.com,2023-08-09,REGULAR,True
C0046,Aarush Nath,adwetaedwin@example.net,2024-10-10,VIP,True
C0047,Prisha Andra,borramanthan@example.net,2025-05-02,REGULAR,True
C0048,Kala Divan,cdatta@example.com,2025-07-18,VIP,True
C0049,Balveer Parmar,zaidchauhan@example.com,2023-06-23,REGULAR,True
C0050,Mohammed Khalsa,petersachar@example.org,2023-09-17,REGULAR,True
C0051,Gaurangi Sabharwal,amaradutta@example.net,2024-05-31,PREMIUM,True
C0052,Lavanya Barad,mkapadia@example.com,2025-02-05,VIP,True
C0053,Dalaja Kari,arjunhans@example.com,2025-12-20,VIP,True
C0054,Arya Boase,indali86@example.net,2026-01-23,VIP,True
C0055,Ayaan D’Alia,pranav94@example.org,2025-09-24,VIP,True
C0056,Radha Pai,rajata98@example.org,2023-05-15,REGULAR,True
C0057,Ranveer Kumar,sarinaarav@example.net,2024-01-29,REGULAR,True
C0058,Januja Sankar,narayanandipta@example.net,2025-04-28,VIP,True
C0059,Charita Tripathi,nilima56@example.net,2024-05-10,PREMIUM,True
C0060,Joshua Handa,rraghavan@example.net,2023-12-02,REGULAR,True
C0061,Charvi Ravi,modibhavini@example.org,2026-02-02,PREMIUM,True
C0062,Ekanta Shroff,rsathe@example.org,2023-05-06,REGULAR,True
C0063,Omkaar Chad,yutika95@example.org,2026-05-30,REGULAR,True
C0064,Dayita Kar,mananbakshi@example.org,2026-02-13,REGULAR,True
C0065,Vaishnavi Bora,osachdeva@example.net,2026-04-10,PREMIUM,True
C0066,Leena Talwar,jkohli@example.net,2025-02-11,PREMIUM,True
C0067,Hredhaan Sandal,patrickvasa@example.com,2025-04-01,VIP,True
C0068,Zaid Dara,zdeol@example.com,2023-04-01,VIP,True
C0069,Saanvi Thaman,ksehgal@example.net,2023-10-19,PREMIUM,True
C0070,Shivani Lad,aradhanaverma@example.com,2025-11-27,VIP,True
C0071,Anvi Sarraf,mangalwahab@example.com,2024-01-28,PREMIUM,True
C0072,Ekaja Zachariah,devimatthew@example.org,2026-02-23,VIP,True
C0073,Michael Kala,sachdevanikita@example.com,2025-11-24,REGULAR,True
C0074,Ojasvi Bhatia,osharamachandran@example.net,2024-07-19,REGULAR,True
C0075,Lajita Sood,pandeychanchal@example.com,2025-05-20,VIP,True
C0076,Thomas Sura,anjalisarin@example.com,2024-01-31,REGULAR,True
C0077,Lopa Nayar,dgandhi@example.org,2025-01-18,REGULAR,True
C0078,Meera Bala,sanghakrishna@example.com,2023-05-13,REGULAR,True
C0079,Chandresh Lad,nnarang@example.com,2023-06-02,REGULAR,True
C0080,Geetika Raghavan,oviya41@example.com,2025-02-14,REGULAR,True
C0081,Charles Palla,ekapadbaria@example.org,2023-10-02,REGULAR,True
C0082,Ryan Bahri,williamdate@example.com,2026-02-13,REGULAR,True
C0083,Tejas Shroff,jyoti29@example.net,2024-04-05,PREMIUM,True
C0084,Nihal Mukhopadhyay,baldevika@example.net,2023-11-25,PREMIUM,True
C0085,Mekhala Issac,kibeharsh@example.net,2023-05-02,VIP,True
C0086,Jai Barman,priya51@example.net,2025-07-31,REGULAR,True
C0087,Advik Salvi,bcherian@example.com,2026-02-14,VIP,True
C0088,Michael Saran,anamikayohannan@example.com,2026-02-09,VIP,True
C0089,Rajata Loyal,yatan14@example.com,2026-03-03,VIP,True
C0090,Ucchal Raghavan,ayush75@example.org,2023-06-22,REGULAR,True
C0091,Simon Pant,harini49@example.net,2023-08-08,REGULAR,True
C0092,Advaith Varughese,frederickkhurana@example.net,2026-01-24,VIP,True
C0093,Vrinda Khosla,cswaminathan@example.org,2025-02-17,PREMIUM,True
C0094,Chaitaly Kant,tkohli@example.net,2023-04-04,REGULAR,True
C0095,Urvashi Wali,pavani85@example.com,2026-03-24,VIP,True
C0096,Anika Mohan,vihaan13@example.com,2023-04-13,VIP,True
C0097,Qasim Handa,vedamalhotra@example.net,2024-12-26,REGULAR,True
C0098,Harish Hari,utkarsh52@example.com,2024-09-08,REGULAR,True
C0099,Jonathan Mahal,bhagatbrinda@example.net,2025-09-18,VIP,True
C0100,Vritti Chauhan,maneupasna@example.com,2023-11-20,PREMIUM,True
C0101,Harini Gour,krishnanvanya@example.org,2026-01-16,REGULAR,True
C0102,Nandini Swamy,beramax@example.org,2023-04-17,REGULAR,True
C0103,Frederick Kothari,sahaupkaar@example.net,2025-04-03,VIP,True
C0104,Shravya Savant,pushti49@example.net,2024-06-29,REGULAR,True
C0105,Hardik Johal,aishanibumb@example.org,2024-05-18,PREMIUM,True
C0106,Oscar Borde,aarnavrege@example.com,2023-05-28,VIP,True
C0107,Bishakha Bali,bhavyamandal@example.net,2023-06-26,REGULAR,True
C0108,Ekavir Kaur,rudra61@example.net,2023-05-05,PREMIUM,True
C0109,Manthan Lata,ekbalbhasin@example.org,2025-11-13,REGULAR,True
C0110,Bhavya Sarna,sidhudaksha@example.net,2025-11-06,VIP,True
C0111,Anita Tella,fsarma@example.net,2024-12-03,PREMIUM,True
C0112,Rachana Naidu,atharv13@example.net,2024-07-11,REGULAR,True
C0113,Amruta Baria,upmavenkataraman@example.net,2024-12-20,VIP,True
C0114,Arunima Golla,fswamy@example.com,2026-03-01,REGULAR,True
C0115,Nilima Nath,henry25@example.com,2024-11-24,REGULAR,True
C0116,Bhavya Rattan,shagaurangexample.com,2024-12-24,REGULAR,False
C0117,Ekiya D’Alia,avarkey@example.net,2023-05-11,VIP,True
C0118,Odika Bhagat,zarnapathak@example.net,2026-05-25,REGULAR,True
C0119,Riya Behl,amaradeep@example.com,2025-08-12,VIP,True
C0120,Vedhika Dara,khatrinathan@example.com,2024-05-18,VIP,True
C0121,Nikita Chander,ishaanshenoy@example.org,2024-01-15,REGULAR,True
C0122,Wishi Manne,ojasvi77@example.org,2024-05-28,REGULAR,True
C0123,Maanav Rajagopal,yashodadeshpande@example.org,2025-04-09,VIP,True
C0124,Oeshi Oak,aarnav44@example.net,2025-11-15,PREMIUM,True
C0125,Manthan Sekhon,vpai@example.net,2024-03-03,VIP,True
C0126,Tamanna Nagy,williamrajagopal@example.org,2025-02-14,REGULAR,True
C0127,Caleb Nadkarni,yraj@example.net,2025-06-16,PREMIUM,True
C0128,Warhi Bansal,yadavinarula@example.org,2024-08-02,PREMIUM,True
C0129,Harish Vora,uaurora@example.org,2025-01-21,PREMIUM,True
C0130,Mohammed Borde,vlanka@example.net,2025-11-04,PREMIUM,True
C0131,Faris Narasimhan,onadig@example.net,2023-10-24,REGULAR,True
C0132,Balendra Biswas,bhavnakaran@example.net,2023-11-14,PREMIUM,True
C0133,Radha Chaudhari,sawhneyojas@example.net,2025-03-04,REGULAR,True
C0134,Ayush Batra,daksh45@example.com,2025-05-14,PREMIUM,True
C0135,Madhav Konda,kgole@example.org,2026-01-22,PREMIUM,True
C0136,Lavanya Khosla,odhar@example.com,2023-08-05,PREMIUM,True
C0137,Tripti Kumer,shroffbhavna@example.net,2023-06-11,PREMIUM,True
C0138,Ethan Sathe,chandani64@example.com,2025-10-20,PREMIUM,True
C0139,Rushil Rajagopalan,pchhabra@example.com,2024-12-17,REGULAR,True
C0140,Chakrika Merchant,randhawaanvi@example.org,2024-01-06,PREMIUM,True
C0141,Watika Mangat,indirakanda@example.net,2024-09-09,PREMIUM,True
C0142,Zashil Devan,baraldayamai@example.com,2023-08-01,REGULAR,True
C0143,Janya Deep,merchanteta@example.net,2025-05-20,PREMIUM,True
C0144,Parth Iyer,jasmitwali@example.net,2024-01-02,REGULAR,True
C0145,Nitesh Kurian,vmerchant@example.com,2023-06-07,VIP,True
C0146,Upadhriti Borra,upkaarranganathan@example.net,2025-05-06,PREMIUM,True
C0147,Gautam Rana,lallajatin@example.com,2024-08-06,VIP,True
C0148,Adweta Raj,hritik37@example.org,2025-10-01,VIP,True
C0149,Timothy Bhatnagar,pmittal@example.com,2023-08-10,PREMIUM,True
C0150,Logan Bath,modiwaida@example.org,2024-08-14,PREMIUM,True
C0151,Wahab Yogi,lipikasetty@example.com,2023-05-05,REGULAR,True
C0152,Mohammed Sachdeva,surinikita@example.com,2024-04-28,VIP,True
C0153,Kamala Kalla,psaxena@example.com,2025-06-22,VIP,True
C0154,Jhalak Parmer,raoanya@example.org,2024-03-04,VIP,True
C0155,Suhani Chand,anshbedi@example.com,2024-09-29,PREMIUM,True
C0156,Jeremiah Jha,johaltarak@example.org,2024-08-23,PREMIUM,True
C0157,Manbir Agate,maanav28@example.com,2025-04-02,VIP,True
C0158,Imaran Bal,alexanderparmar@example.org,2025-07-01,VIP,True
C0159,Amol Ghosh,charles26@example.net,2023-07-24,VIP,True
C0160,Devansh Soni,gpathak@example.net,2024-07-27,REGULAR,True
C0161,Siya Thakur,calebverma@example.com,2025-02-17,VIP,True
C0162,Azaan Bhat,bratti@example.net,2025-05-02,REGULAR,True
C0163,Vritti Sawhney,buchekanta@example.net,2025-01-28,PREMIUM,True
C0164,Dominic Date,ekta69@example.net,2026-01-15,PREMIUM,True
C0165,Sudiksha Tiwari,ychaudhary@example.net,2025-05-11,VIP,True
C0166,Tanveer Sani,akari@example.com,2023-09-05,PREMIUM,True
C0167,Mohini Sagar,munshiprisha@example.com,2026-06-02,REGULAR,True
C0168,Kavya Dua,fbhavsar@example.org,2025-03-22,REGULAR,True
C0169,Rachana Char,kalpit80@example.net,2023-07-19,PREMIUM,True
C0170,Jason Roy,pallavi04@example.net,2025-01-19,REGULAR,True
C0171,Indira Chawla,mohammedsubramaniam@example.org,2023-11-05,VIP,True
C0172,Inaya Pillai,mallickupkaar@example.com,2023-04-26,VIP,True
C0173,Amara Balakrishnan,anjalimore@example.com,2023-12-20,VIP,True
C0174,Abeer Golla,nandiniboase@example.org,2023-08-15,PREMIUM,True
C0175,Gavin Wali,krishasaini@example.com,2023-05-18,PREMIUM,True
C0176,Nakul Pingle,ekta99@example.org,2023-10-15,PREMIUM,True
C0177,Nachiket Dugar,bumbanita@example.com,2025-01-23,VIP,True
C0178,Vedika Sathe,nmahajan@example.net,2023-07-12,PREMIUM,True
C0179,Hemani Sani,mandervidhi@example.net,2024-11-28,PREMIUM,True
C0180,Chakradev Kannan,abhakta@example.org,2024-11-05,REGULAR,True
C0181,Siddharth Devan,bimala51@example.org,2024-08-28,VIP,True
C0182,Qushi Gill,lajitawalia@example.net,2025-08-09,REGULAR,True
C0183,Xiti Pandya,ranganathanbrijesh@example.com,2025-08-05,VIP,True
C0184,Tripti Brahmbhatt,pushti96@example.net,2024-02-15,PREMIUM,True
C0185,Bimala Contractor,ubail@example.org,2023-11-02,PREMIUM,True
C0186,Janaki Chakrabarti,pcherian@example.com,2024-02-04,PREMIUM,True
C0187,Farhan Randhawa,harinakshi35@example.org,2026-05-04,VIP,True
C0188,Yashvi Comar,ikshitapanchal@example.net,2026-06-01,PREMIUM,True
C0189,Warinder Chauhan,aahanahora@example.org,2024-04-06,PREMIUM,True
C0190,Faqid Goel,wshetty@example.net,2023-05-22,VIP,True
C0191,Ekantika Mutti,riabir@example.com,2023-09-18,REGULAR,True
C0192,Chavvi Maharaj,pandeyyashica@example.org,2023-09-23,REGULAR,True
C0193,Triya Seth,bhandarijyoti@example.com,2024-03-07,VIP,True
C0194,Gautam Tripathi,lshere@example.net,2023-10-30,REGULAR,True
C0195,Shivani Guha,vamakshi82@example.org,2023-06-16,REGULAR,True
C0196,Harshil Oza,thamanorinder@example.org,2023-04-15,VIP,True
C0197,Raksha Sarna,janujapradhan@example.com,2024-01-18,REGULAR,True
C0198,Nilima Nigam,nattdominic@example.com,2025-06-06,REGULAR,True
C0199,Libni Mander,mason51@example.net,2024-08-12,REGULAR,True
C0200,Inaya Mukherjee,mdayal@example.net,2024-07-22,PREMIUM,True
C0201,Dayita Puri,joshua81@example.net,2024-02-01,PREMIUM,True
C0202,Yashoda Pathak,patildayamai@example.org,2023-10-24,REGULAR,True
C0203,Harita Sunder,upkaardevan@example.org,2026-02-27,PREMIUM,True
C0204,Chakrika Chaudhuri,nayarkaran@example.net,2026-01-24,VIP,True
C0205,Mitesh Gaba,noahsarma@example.org,2026-04-11,REGULAR,True
C0206,Janya Khanna,wmane@example.net,2026-05-03,VIP,True
C0207,Vivaan Walla,dayamaisingh@example.org,2025-09-28,PREMIUM,True
C0208,Ridhi Shenoy,lavanya88@example.com,2023-04-15,REGULAR,True
C0209,Ryan Devi,charles75@example.net,2025-01-05,PREMIUM,True
C0210,Zaitra Dash,fiyaz24@example.com,2025-10-22,REGULAR,True
C0211,Rajeshri Chand,shravyapalla@example.org,2025-11-04,VIP,True
C0212,Chatresh Randhawa,warinder61@example.com,2024-09-13,VIP,True
C0213,Ayaan Nagar,nayakmadhav@example.org,2024-05-06,PREMIUM,True
C0214,Bhavini Sodhi,upasnasen@example.net,2025-05-03,REGULAR,True
C0215,Fariq Bahl,tanveer28@example.net,2025-02-01,REGULAR,True
C0216,Indrajit Mani,charvidara@example.org,2024-10-04,VIP,True
C0217,Oni Shankar,choudhryxalak@example.net,2025-10-09,VIP,True
C0218,Yutika Khurana,bishakhasanghvi@example.org,2024-07-02,VIP,True
C0219,Wridesh Saha,frederickviswanathan@example.com,2024-05-16,REGULAR,True
C0220,Yashica Tripathi,ramakrishnanupma@example.org,2024-07-15,REGULAR,True
C0221,Kashvi Kulkarni,parikhekansh@example.com,2023-09-14,REGULAR,True
C0222,Hemang Natarajan,chaitanyapandey@example.net,2024-06-02,VIP,True
C0223,Parth Shetty,zgopal@example.org,2023-11-15,VIP,True
C0224,Tanvi Bansal,saksham03@example.org,2025-06-18,VIP,True
C0225,Dayita Varma,qsolanki@example.org,2024-12-07,VIP,True
C0226,Bhavika Parikh,narulaanjali@example.org,2023-06-07,PREMIUM,True
C0227,Rajeshri Ratta,vraju@example.org,2024-12-11,PREMIUM,True
C0228,Widisha Pillai,fitan61@example.com,2025-12-18,PREMIUM,True
C0229,Chaaya Nagi,buchfalak@example.net,2025-01-30,PREMIUM,True
C0230,Damini Sehgal,sganesan@example.com,2024-04-28,PREMIUM,True
C0231,Sanya Basak,radhika40@example.org,2024-08-17,REGULAR,True
C0232,Januja Varghese,azaandhar@example.net,2024-06-17,PREMIUM,True
C0233,Bakhshi Date,keerjeevika@example.com,2024-11-25,VIP,True
C0234,Bachittar Dube,xprabhakarexample.com,2025-12-20,REGULAR,False
C0235,Laksh Wagle,mitali54@example.org,2023-09-17,VIP,True
C0236,Atharv Grewal,yvasa@example.net,2023-10-12,VIP,True
C0237,Adweta Lad,nkala@example.com,2023-12-09,REGULAR,True
C0238,Ryan Das,ethanseth@example.org,2025-03-17,PREMIUM,True
C0239,Gagan Nagarajan,dhruv88@example.com,2024-09-24,VIP,True
C0240,Nakul Ghosh,yashoda31@example.org,2023-10-18,VIP,True
C0241,Warjas Tak,pateljyoti@example.com,2024-01-24,VIP,True
C0242,Gabriel Bhatti,mitali78@example.com,2024-06-23,VIP,True
C0243,Ethan Dass,ethan77@example.net,2024-09-24,PREMIUM,True
C0244,Kabir Gopal,rachitathakkar@example.org,2025-05-15,PREMIUM,True
C0245,Zarna Dua,nitesh25@example.net,2023-06-12,VIP,True
C0246,Hiral Venkataraman,farhan43@example.net,2025-03-27,VIP,True
C0247,Jeremiah Mitter,thakkarom@example.net,2023-07-05,VIP,True
C0248,Onveer Nazareth,balakrishnanfinn@example.org,2025-11-20,REGULAR,True
C0249,Shivansh Saha,tankbimala@example.net,2024-06-04,REGULAR,True
C0250,Vasudha Konda,dmishra@example.org,2023-06-16,REGULAR,True
C0251,Nakul Sarraf,dsule@example.org,2026-02-22,VIP,True
C0252,Maanas Munshi,hemani62@example.com,2025-09-28,VIP,True
C0253,Eiravati Khurana,rdas@example.com,2023-09-12,REGULAR,True
C0254,Lohit Chatterjee,mannanleena@example.net,2024-11-08,PREMIUM,True
C0255,Yuvraj Dutta,dhriti32@example.com,2024-07-16,REGULAR,True
C0256,Wishi Morar,fbajaj@example.com,2025-01-12,PREMIUM,True
C0257,Wridesh Kale,chanakya04@example.com,2026-01-31,PREMIUM,True
C0258,Bhavika Yadav,chokshiraagini@example.org,2026-02-24,REGULAR,True
C0259,Jasmit Rau,chakradev60@example.net,2023-04-18,PREMIUM,True
C0260,Janani Mani,rajuyamini@example.com,2025-01-21,REGULAR,True
C0261,Jagat Dave,rameshkashvi@example.com,2024-02-12,VIP,True
C0262,Maanas Issac,ctella@example.org,2025-03-08,VIP,True
C0263,Laksh Nath,dvenkataraman@example.org,2023-12-20,PREMIUM,True
C0264,Falak Nagar,mayamistry@example.net,2024-01-17,PREMIUM,True
C0265,Yashica Upadhyay,emistry@example.org,2026-02-10,VIP,True
C0266,Garima Choudhary,ymorar@example.net,2025-11-22,REGULAR,True
C0267,Urvi Lanka,charansrinivasan@example.org,2024-12-19,VIP,True
C0268,Manbir Kibe,choudharyrayaan@example.org,2025-02-07,REGULAR,True
C0269,Dipta Sahota,nitarajani@example.com,2025-07-28,REGULAR,True
C0270,David Devi,ektasridhar@example.net,2023-10-25,PREMIUM,True
C0271,Dipta Ghose,vwalia@example.net,2024-10-31,VIP,True
C0272,Aishani Sule,yatinmallick@example.net,2023-11-27,REGULAR,True
C0273,Umang Mishra,sarthak75@example.com,2024-12-19,VIP,True
C0274,Anusha Mani,raghavanmegha@example.com,2025-05-04,PREMIUM,True
C0275,Bina Basak,farhan57@example.net,2025-03-10,VIP,True
C0276,Varenya Kala,anikamagar@example.org,2024-12-16,REGULAR,True
C0277,Wriddhish Kibe,waliupkaar@example.net,2025-07-09,PREMIUM,True
C0278,Charles Chaudhry,tnarayanan@example.com,2023-04-05,PREMIUM,True
C0279,Laksh Ahluwalia,niharikasoni@example.com,2023-10-28,VIP,True
C0280,Bhavna Nagi,daniel19@example.org,2024-03-11,PREMIUM,True
C0281,Parth Sahni,balhaarranganathan@example.com,2023-09-06,PREMIUM,True
C0282,Bimala Barad,misrahredhaan@example.com,2026-03-24,PREMIUM,True
C0283,Suhani Viswanathan,gdesai@example.com,2025-01-17,REGULAR,True
C0284,Reyansh Chowdhury,nicholas74@example.net,2026-05-02,VIP,True
C0285,Akshay Nazareth,reyansh29@example.net,2026-03-23,REGULAR,True
C0286,Prisha Varma,gabriel61@example.org,2023-12-21,PREMIUM,True
C0287,Vansha Naik,abeerlal@example.com,2024-01-03,VIP,True
C0288,Sanya Loke,chasmum99@example.org,2025-12-09,PREMIUM,True
C0289,Jagvi Keer,daniudyati@example.com,2024-07-31,PREMIUM,True
C0290,Nidra Thakkar,jacob45@example.net,2025-07-19,PREMIUM,True
C0291,Theodore Deol,ddua@example.net,2023-09-03,PREMIUM,True
C0292,Ojasvi Sinha,yugbumb@example.net,2024-03-15,VIP,True
C0293,Janaki Brahmbhatt,bhatiayashasvi@example.org,2025-12-15,PREMIUM,True
C0294,Nitesh Narang,rdada@example.org,2025-10-19,PREMIUM,True
C0295,Gavin Uppal,dbhakta@example.org,2026-06-11,VIP,True
C0296,Tanmayi Bhardwaj,umorar@example.org,2023-11-10,PREMIUM,True
C0297,Aachal Aggarwal,elijahbath@example.com,2023-07-18,PREMIUM,True
C0298,Devansh Bhasin,sodhiazad@example.com,2023-08-28,VIP,True
C0299,Pranit Deshmukh,yprasad@example.com,2026-02-28,REGULAR,True
C0300,Keya Buch,ijayadani@example.org,2025-09-18,PREMIUM,True
C0301,Joshua Kapoor,bajajchanchal@example.com,2023-09-25,REGULAR,True
C0302,Ladli Karpe,trivenipal@example.org,2025-02-08,VIP,True
C0303,Ranbir Chowdhury,sainiamol@example.org,2023-05-12,REGULAR,True
C0304,Ekalinga Chaudhuri,sekhonchanakya@example.org,2025-12-05,REGULAR,True
C0305,Neelima Sarna,teerthbhalla@example.org,2025-10-24,PREMIUM,True
C0306,Vivaan Nagar,warjas42@example.net,2025-08-02,PREMIUM,True
C0307,Odika Mital,darsh89@example.net,2024-10-24,VIP,True
C0308,Prisha Tandon,padmanabhanlakshmi@example.net,2024-02-14,PREMIUM,True
C0309,Omaja Rege,charitapuri@example.org,2025-01-30,PREMIUM,True
C0310,Wridesh Kar,maanas70@example.net,2024-04-19,REGULAR,True
C0311,Omaja Wagle,lipikakibe@example.com,2023-08-08,VIP,True
C0312,Ganga Brar,fprabhakar@example.net,2026-01-22,PREMIUM,True
C0313,Charan Loyal,ebaral@example.org,2024-02-15,PREMIUM,True
C0314,Varenya Joshi,chavvi03@example.org,2023-08-09,PREMIUM,True
C0315,Varenya Kibe,mekhalakhatri@example.net,2024-11-11,VIP,True
C0316,Barkha Rai,pwalla@example.com,2023-09-15,REGULAR,True
C0317,Advika Parsa,gshukla@example.net,2023-09-26,PREMIUM,True
C0318,Ekaja Jani,dhriti60@example.net,2023-05-28,PREMIUM,True
C0319,Madhav Babu,omisha42@example.org,2024-08-23,REGULAR,True
C0320,Victor Raghavan,xalaknazareth@example.com,2025-02-09,VIP,True
C0321,Vritti Sharma,indiragara@example.org,2024-02-23,REGULAR,True
C0322,Qarin Bhargava,bordechanakya@example.org,2023-10-19,VIP,True
C0323,Laksh Kashyap,doraaditya@example.org,2024-04-24,PREMIUM,True
C0324,Kashvi Bhasin,bsura@example.org,2025-08-06,PREMIUM,True
C0325,Advik Badal,bhavini08@example.net,2025-09-28,VIP,True
C0326,Praneel Chhabra,viswanathanmanthan@example.org,2024-08-03,REGULAR,True
C0327,Zayyan Pandya,mekhala15@example.com,2023-12-25,REGULAR,True
C0328,Yagnesh Kara,faris01@example.com,2023-11-21,REGULAR,True
C0329,Krishna Soni,andraonveer@example.org,2024-02-25,VIP,True
C0330,Radha Narula,wablebrijesh@example.org,2026-01-11,PREMIUM,True
C0331,Vaishnavi Madan,bordeavni@example.net,2024-12-18,PREMIUM,True
C0332,Praneel Murty,johalmaanas@example.net,2024-03-21,VIP,True
C0333,Faraj Mistry,wrideshramachandran@example.net,2024-08-10,VIP,True
C0334,Leena Dey,tellahiral@example.org,2024-04-26,PREMIUM,True
C0335,Rajeshri Kata,oakmekhala@example.com,2023-09-18,VIP,True
C0336,Anjali Seshadri,wkari@example.net,2026-01-24,REGULAR,True
C0337,Rachana Grewal,xchada@example.net,2024-11-02,REGULAR,True
C0338,Yatin Borah,loyalmitesh@example.com,2024-01-07,REGULAR,True
C0339,Lopa Nadig,hredhaan10@example.com,2025-11-20,PREMIUM,True
C0340,Jagvi Madan,deogagan@example.org,2024-10-08,REGULAR,True
C0341,Saumya Vala,bchauhan@example.org,2026-02-19,PREMIUM,True
C0342,Girik Nair,sarora@example.com,2024-01-13,REGULAR,True
C0343,Frado Kibe,lajitagara@example.org,2024-02-21,VIP,True
C0344,Charvi Loyal,edhingra@example.org,2025-06-10,REGULAR,True
C0345,Anya Sama,veda15@example.com,2024-04-21,VIP,True
C0346,Warhi Hayre,ichhabra@example.com,2023-08-29,VIP,True
C0347,Meghana Natarajan,cnarayan@example.com,2023-11-12,VIP,True
C0348,Laban Mital,sai75@example.org,2025-01-07,VIP,True
C0349,Eiravati Manne,ukibe@,2024-11-01,VIP,False
C0350,Maya Patla,iyengarpranit@example.net,2026-01-13,PREMIUM,True
C0351,Triya Kadakia,smanne@example.org,2024-10-09,VIP,True
C0352,Xalak Dewan,wyatt42@example.net,2025-01-17,PREMIUM,True
C0353,Krishna Borah,lsrinivas@example.com,2025-05-02,PREMIUM,True
C0354,Balhaar Parsa,choprayuvraj@example.net,2025-11-07,REGULAR,True
C0355,Ojas Basu,ynarula@example.com,2024-06-08,VIP,True
C0356,Advaith Chaudhari,tristan88@example.net,2024-10-17,REGULAR,True
C0357,Sanaya Prasad,xsheth@example.net,2024-03-25,PREMIUM,True
C0358,Hemani Bakshi,scheema@example,2026-03-05,VIP,False
C0359,Jack Dhar,devika57@example.org,2024-11-04,REGULAR,True
C0360,Ijaya Soni,sarmasneha@example.com,2024-06-22,REGULAR,True
C0361,Charita Basu,bajajhemal@example.net,2025-01-16,VIP,True
C0362,Nitesh Kohli,nathanielnarayanan@example.net,2025-09-06,VIP,True
C0363,Turvi Kata,lgour@example.net,2026-03-25,PREMIUM,True
C0364,Meghana Balakrishnan,shivanisanghvi@example.com,2026-04-06,VIP,True
C0365,Tanish Jha,dev91@example.net,2025-09-17,REGULAR,True
C0366,Jasmit Nanda,tanvicomar@example.com,2024-08-13,VIP,True
C0367,Dhriti Rama,wcomar@example.com,2025-04-28,REGULAR,True
C0368,Orinder Mishra,desaidhriti@example.org,2024-05-25,VIP,True
C0369,Dalaja Dada,kashvidhaliwal@example.net,2024-12-02,REGULAR,True
C0370,Omya Devi,lsampath@example.com,2023-10-01,PREMIUM,True
C0371,Ojas Suri,logan25@example.com,2024-07-20,REGULAR,True
C0372,Jagrati Andra,mdeshpande@example.com,2026-01-10,REGULAR,True
C0373,Nilima Swamy,fsawhney@example.org,2025-03-08,VIP,True
C0374,Azaan Kannan,bachittar43@example.net,2024-03-22,VIP,True
C0375,Om Shankar,hvaidya@example.net,2024-03-27,REGULAR,True
C0376,Amrita Peri,sastrytejas@example.com,2025-10-03,PREMIUM,True
C0377,Yug Mishra,senguptaadya@example.com,2024-12-24,VIP,True
C0378,Reva Dalal,shauryapanchal@example.net,2024-05-14,REGULAR,True
C0379,Noah Dewan,samuelbhargava@example.net,2023-10-22,REGULAR,True
C0380,Avni Yohannan,ekiyamaster@example.com,2023-04-21,PREMIUM,True
C0381,Yoshita Chandran,nishabhargava@example.com,2025-03-17,VIP,True
C0382,Kevin Krish,ekantakota@example.net,2023-11-06,VIP,True
C0383,Vrishti Dhar,oeshi67@example.org,2024-02-28,REGULAR,True
C0384,Neha Varma,jyoti77@example.com,2026-03-29,PREMIUM,True
C0385,Girik Shanker,dev86@example.org,2025-10-19,REGULAR,True
C0386,Siddharth Talwar,ekantika45@example.net,2023-06-09,REGULAR,True
C0387,Vedhika Oza,batrahardik@example.net,2024-05-15,VIP,True
C0388,Amol Dash,ridhishan@example.org,2023-06-03,PREMIUM,True
C0389,Samaksh Deo,nathan41@example.net,2025-08-01,PREMIUM,True
C0390,Zashil Butala,noah06@example.net,2023-09-15,VIP,True
C0391,Vivaan Sanghvi,chandranaarav@example.org,2024-11-18,REGULAR,True
C0392,Faras Deo,zilmilsaxena@example.org,2025-03-26,PREMIUM,True
C0393,Hemal Dara,edeo@example.org,2025-02-15,PREMIUM,True
C0394,Leela Chakraborty,chauhandhriti@example.com,2024-05-22,VIP,True
C0395,Laksh Raja,lukebiswas@example.net,2024-06-09,REGULAR,True
C0396,Nitesh Sarraf,tanay26@example.net,2025-05-21,REGULAR,True
C0397,Teerth Chadha,deyjatin@example.net,2023-11-25,REGULAR,True
C0398,Indali Sanghvi,logan34@example.net,2026-05-01,REGULAR,True
C0399,Yuvraj Mane,mitrasamesh@example.net,2025-01-31,REGULAR,True
C0400,Manya Merchant,khatriwarda@example.com,2025-04-19,REGULAR,True
C0401,Wridesh Tata,wableadvik@example.com,2023-05-05,REGULAR,True
C0402,Kevin Ram,ipau@example.net,2025-02-21,PREMIUM,True
C0403,Urishilla Bora,birakshay@example.com,2026-06-08,PREMIUM,True
C0404,Balveer Bhasin,stoor@example.net,2025-08-21,REGULAR,True
C0405,Pallavi Ratti,yadavmichael@example.com,2025-06-21,REGULAR,True
C0406,Dayita Brar,nachiketyadav@example.com,2026-04-22,REGULAR,True
C0407,Dominic Mukherjee,dkhareexample.org,2024-08-19,REGULAR,False
C0408,Radha D’Alia,tbhakta@example.net,2026-02-26,REGULAR,True
C0409,Jagdish Arora,advaygade@example.com,2023-07-02,REGULAR,True
C0410,Zansi Lad,kamyadate@example.net,2023-10-12,PREMIUM,True
C0411,Jacob Balan,pushti48@example.org,2023-07-28,VIP,True
C0412,Faraj Taneja,xvaidya@example.org,2023-08-17,REGULAR,True
C0413,Ojas Pillai,aadhyachauhan@example.net,2026-03-17,VIP,True
C0414,Vedant Upadhyay,basuadvik@example.org,2023-07-12,PREMIUM,True
C0415,Urmi Patla,ldoctor@example.org,2026-04-11,REGULAR,True
C0416,Udarsh Nagy,omajanagarajan@example.com,2024-03-13,PREMIUM,True
C0417,Kashish Dar,golaudant@example.net,2023-09-13,VIP,True
C0418,Nandini Biswas,xmandal@example.com,2026-01-14,REGULAR,True
C0419,Gabriel Shan,pillaysai@example.com,2025-08-14,REGULAR,True
C0420,Xavier Shetty,wakeeta38@example.org,2023-05-17,VIP,True
C0421,Abeer Rout,kaulhiral@example.net,2023-06-23,PREMIUM,True
C0422,Gautami Agarwal,gmohanty@example.org,2024-01-14,REGULAR,True
C0423,Oni Swamy,dharati@example.org,2025-10-22,VIP,True
C0424,Vincent Venkatesh,dpradhan@example.net,2023-05-11,VIP,True
C0425,Girish Tiwari,meeraborde@example.net,2024-01-15,PREMIUM,True
C0426,Radhika De,bishakhalal@example.com,2024-02-17,PREMIUM,True
C0427,Eta Nadkarni,omagar@example.org,2024-03-19,PREMIUM,True
C0428,Laban Chopra,hiteshgala@example.com,2024-09-11,PREMIUM,True
C0429,Dipta Ray,wasonishita@example.org,2025-01-07,PREMIUM,True
C0430,Darika Sheth,jagdish12@example.net,2023-10-16,REGULAR,True
C0431,Banjeet Kale,manbir13@example.com,2025-12-21,REGULAR,True
C0432,Yochana Bawa,abha20@example.com,2024-05-11,REGULAR,True
C0433,Zaid Chandra,zchaudry@example.org,2023-04-20,VIP,True
C0434,Advik Bhatia,kalpithora@example.com,2025-10-06,PREMIUM,True
C0435,Frado Lad,bainsdhruv@example.org,2024-01-29,VIP,True
C0436,Kabir Chanda,jason07@example.org,2024-11-01,VIP,True
C0437,Rachita Rana,ybalan@example.net,2025-11-13,VIP,True
C0438,Orinder Pandya,rachitmaharaj@example.com,2025-08-01,VIP,True
C0439,Manthan Banerjee,chakrikatara@example.com,2025-11-04,PREMIUM,True
C0440,Darsh Chahal,leela26@example.org,2024-05-22,REGULAR,True
C0441,Anirudh Raja,varsha87@example.com,2025-03-07,PREMIUM,True
C0442,Lipika Madan,atharvnagar@example.net,2023-04-30,REGULAR,True
C0443,Ayushman Mand,sodhiishita@example.net,2024-12-13,REGULAR,True
C0444,Nathaniel Chaudhry,wrideshlata@example.net,2024-09-19,PREMIUM,True
C0445,Theodore Rama,oscar23@example.net,2025-06-07,REGULAR,True
C0446,Jagrati Bala,lucky93@example.com,2024-03-15,REGULAR,True
C0447,Parth Swaminathan,chanadaksh@example.org,2026-04-12,REGULAR,True
C0448,Anmol Vyas,vacharya@example.net,2025-03-30,PREMIUM,True
C0449,Kalpit Oak,ekiyabhargava@example.org,2024-07-15,REGULAR,True
C0450,Lucky Choudhry,elijah56@example.net,2024-08-18,VIP,True
C0451,Gayathri Mittal,laban26@example.net,2026-02-26,REGULAR,True
C0452,Edhitha Ghosh,udant92@example.com,2026-03-04,VIP,True
C0453,Chaitaly Datta,aaravraman@example.net,2023-12-19,VIP,True
C0454,Qabil Nadkarni,hemangtaneja@example.org,2023-12-21,PREMIUM,True
C0455,Faras Khanna,ekaja21@example.net,2023-07-30,REGULAR,True
C0456,Sanya Apte,shaurya31@example.com,2025-10-29,PREMIUM,True
C0457,Hritik Agarwal,rajuraksha@example.net,2023-09-21,VIP,True
C0458,Ojas Sachdev,wradhakrishnan@example.net,2026-03-12,REGULAR,True
C0459,Harrison Srinivas,nicholasseth@example.org,2026-02-21,REGULAR,True
C0460,Chaitaly Bahri,advika11@example.com,2025-04-07,REGULAR,True
C0461,Keya Dyal,chanderhamsini@example.net,2024-10-29,PREMIUM,True
C0462,Azaan Sankar,radhadugar@example.org,2023-08-30,VIP,True
C0463,Garima Jha,nimratzachariah@example.com,2025-09-22,PREMIUM,True
C0464,Chameli Khanna,bawamaya@example.net,2025-02-27,VIP,True
C0465,Mitesh Bhagat,aarush61@example.com,2024-06-18,REGULAR,True
C0466,Ryan Chatterjee,jhaverionkar@example.net,2026-03-19,PREMIUM,True
C0467,Finn Solanki,morarmitaliexample.com,2024-09-10,VIP,False
C0468,Alka Chand,xgoyal@example.com,2024-03-07,VIP,True
C0469,Rachit Sehgal,lallria@example.com,2024-10-29,REGULAR,True
C0470,Upkaar Luthra,doragunbir@example.org,2024-08-17,REGULAR,True
C0471,Odika Karan,ramomya@example.net,2023-11-14,VIP,True
C0472,Warinder Soni,farhan60@example.net,2025-12-15,PREMIUM,True
C0473,Jai Sen,oliverkakar@example.org,2025-01-31,PREMIUM,True
C0474,Brijesh Sampath,saransaksham@example.net,2023-07-06,REGULAR,True
C0475,Aarna Nagarajan,chahallipika@example.net,2024-09-16,VIP,True
C0476,Eshana Majumdar,yarora@example.net,2024-07-31,REGULAR,True
C0477,Isaiah Sachdeva,manbirchaudhry@example.org,2025-10-23,VIP,True
C0478,Bhavika Wason,nirja46@example.net,2024-06-28,PREMIUM,True
C0479,Urvashi Barad,anyarau@example.org,2025-08-15,REGULAR,True
C0480,Balvan Randhawa,wazir07@example.com,2025-01-05,REGULAR,True
C0481,Anmol Nazareth,deepa47@example.net,2025-08-04,VIP,True
C0482,Vedant Desai,saanvi54@example.net,2023-09-06,PREMIUM,True
C0483,Gaurav Guha,akakar@example.net,2023-12-07,VIP,True
C0484,Zaitra Prakash,varmanathan@example.org,2023-04-14,VIP,True
C0485,Yashawini Raval,ayushghose@example.org,2024-08-21,VIP,True
C0486,Dalbir Krish,shanchandresh@example.com,2023-12-26,REGULAR,True
C0487,Anusha Pillay,ztiwari@example.net,2024-10-01,PREMIUM,True
C0488,Azaan Khurana,vrinda97@example.org,2024-06-23,VIP,True
C0489,Inaya Padmanabhan,aarnachana@example.com,2023-11-11,PREMIUM,True
C0490,Libni Bawa,tanishkant@example.net,2024-05-19,PREMIUM,True
C0491,Samuel Luthra,bvarghese@example.net,2025-12-11,VIP,True
C0492,Urvi Deo,abhiramkapur@example.com,2024-04-17,PREMIUM,True
C0493,Anvi Sampath,dpalla@example.com,2026-03-21,PREMIUM,True
C0494,Unnati Mittal,achaudry@example.net,2023-03-31,VIP,True
C0495,Barkha Misra,subramaniamdevansh@example.com,2023-10-13,VIP,True
C0496,Ekta Malhotra,chanchal32@example.net,2026-02-07,PREMIUM,True
C0497,Dakshesh Raval,logan07@example.com,2024-07-10,VIP,True
C0498,Omya Ravel,lbanik@example.net,2025-06-25,REGULAR,True
C0499,Hemal Kapadia,gparmer@example.com,2023-12-30,PREMIUM,True
C0500,Pratyush Memon,sinhakabir@example.net,2025-07-23,PREMIUM,True
C_UNKNOWN,Unknown Customer,unknown@example.com,1900-01-01,REGULAR,True
