customer_id,customer_name,customer_type,total_value,quartile,quartile_label
C0053,Dalaja Kari,VIP,670007.8,1,Platinum
C0346,Warhi Hayre,VIP,596808.96,1,Platinum
C0037,Dakshesh Trivedi,VIP,596719.93,1,Platinum
C0420,Xavier Shetty,VIP,576838.55,1,Platinum
C0033,Vedika Srivastava,VIP,498969.3,1,Platinum
C0249,Shivansh Saha,REGULAR,488748.37,1,Platinum
C0351,Triya Kadakia,VIP,482660.52,1,Platinum
C0149,Timothy Bhatnagar,PREMIUM,472108.16,1,Platinum
C0108,Ekavir Kaur,PREMIUM,463596.92,1,Platinum
C0309,Omaja Rege,PREMIUM,440564.15,1,Platinum
C0230,Damini Sehgal,PREMIUM,438798.54,1,Platinum
C0196,Harshil Oza,VIP,433646.34,1,Platinum
C0393,Hemal Dara,PREMIUM,432545.46,1,Platinum
C0332,Praneel Murty,VIP,408309.19,1,Platinum
C0195,Shivani Guha,REGULAR,406783.23,1,Platinum
C0055,Ayaan D’Alia,VIP,401957.3,1,Platinum
C0457,Hritik Agarwal,VIP,388652.14,1,Platinum
C0093,Vrinda Khosla,PREMIUM,388588.68,1,Platinum
C0416,Udarsh Nagy,PREMIUM,384744.28,1,Platinum
C0058,Januja Sankar,VIP,367233.36,1,Platinum
C0277,Wriddhish Kibe,PREMIUM,348448.61,1,Platinum
C0233,Bakhshi Date,VIP,343530.22,1,Platinum
C0171,Indira Chawla,VIP,339766.27,1,Platinum
C0040,Meghana Deep,VIP,338539.19,1,Platinum
C0137,Tripti Kumer,PREMIUM,338239.23,1,Platinum
C0460,Chaitaly Bahri,REGULAR,335274.93,1,Platinum
C0384,Neha Varma,PREMIUM,330992.74,1,Platinum
C0408,Radha D’Alia,REGULAR,324981.65,1,Platinum
C0378,Reva Dalal,REGULAR,321146.06,1,Platinum
C0402,Kevin Ram,PREMIUM,320632.12,1,Platinum
C0201,Dayita Puri,PREMIUM,313457.67,1,Platinum
C0224,Tanvi Bansal,VIP,308967.75,1,Platinum
C0492,Urvi Deo,PREMIUM,308864.53,1,Platinum
C0287,Vansha Naik,VIP,298104.56,1,Platinum
C0012,Amrita Bhatti,PREMIUM,296951.77,1,Platinum
C0495,Barkha Misra,VIP,292497.55,1,Platinum
C0206,Janya Khanna,VIP,283494.56,1,Platinum
C0333,Faraj Mistry,VIP,282547.42,1,Platinum
C0271,Dipta Ghose,VIP,271247.39,1,Platinum
C0473,Jai Sen,PREMIUM,269971.26,1,Platinum
C0433,Zaid Chandra,VIP,268820.25,1,Platinum
C0025,Hamsini Bail,REGULAR,266254.0,1,Platinum
C0008,Bimala Buch,REGULAR,263145.82,1,Platinum
C0211,Rajeshri Chand,VIP,262605.45,1,Platinum
C0444,Nathaniel Chaudhry,PREMIUM,258935.96,1,Platinum
C0028,Niharika Gupta,VIP,257604.37,1,Platinum
C0146,Upadhriti Borra,PREMIUM,257048.16,1,Platinum
C0419,Gabriel Shan,REGULAR,254144.69,1,Platinum
C0127,Caleb Nadkarni,PREMIUM,251056.55,1,Platinum
C0482,Vedant Desai,PREMIUM,248614.12,1,Platinum
C0202,Yashoda Pathak,REGULAR,247427.8,1,Platinum
C0110,Bhavya Sarna,VIP,246296.16,1,Platinum
C0121,Nikita Chander,REGULAR,243930.75,1,Platinum
C0106,Oscar Borde,VIP,243805.32,1,Platinum
C0160,Devansh Soni,REGULAR,243155.3,1,Platinum
C0349,Eiravati Manne,VIP,241957.5,1,Platinum
C0070,Shivani Lad,VIP,239695.85,1,Platinum
C0114,Arunima Golla,REGULAR,236821.19,1,Platinum
C0314,Varenya Joshi,PREMIUM,235642.24,2,Gold
C0359,Jack Dhar,REGULAR,233426.74,2,Gold
C0030,Ikbal Kothari,VIP,225483.48,2,Gold
C0344,Charvi Loyal,REGULAR,220021.51,2,Gold
C0371,Ojas Suri,REGULAR,218796.8,2,Gold
C0447,Parth Swaminathan,REGULAR,218005.7,2,Gold
C0023,Siddharth Zacharia,VIP,214349.05,2,Gold
C0411,Jacob Balan,VIP,210110.19,2,Gold
C0014,Priya Rastogi,REGULAR,209375.06,2,Gold
C0499,Hemal Kapadia,PREMIUM,206630.68,2,Gold
C0235,Laksh Wagle,VIP,206395.04,2,Gold
C0456,Sanya Apte,PREMIUM,204595.69,2,Gold
C0284,Reyansh Chowdhury,VIP,199763.58,2,Gold
C0348,Laban Mital,VIP,199129.88,2,Gold
C0192,Chavvi Maharaj,REGULAR,198527.62,2,Gold
C0001,Aryan Maharaj,VIP,197138.98,2,Gold
C0450,Lucky Choudhry,VIP,187051.99,2,Gold
C0452,Edhitha Ghosh,VIP,186477.77,2,Gold
C0437,Rachita Rana,VIP,183686.92,2,Gold
C0347,Meghana Natarajan,VIP,183443.21,2,Gold
C0212,Chatresh Randhawa,VIP,183149.23,2,Gold
C0425,Girish Tiwari,PREMIUM,178496.76,2,Gold
C0174,Abeer Golla,PREMIUM,178480.61,2,Gold
C0390,Zashil Butala,VIP,176730.94,2,Gold
C0263,Laksh Nath,PREMIUM,174527.5,2,Gold
C0486,Dalbir Krish,REGULAR,174198.08,2,Gold
C0448,Anmol Vyas,PREMIUM,172840.07,2,Gold
C0278,Charles Chaudhry,PREMIUM,172706.87,2,Gold
C0364,Meghana Balakrishnan,VIP,166545.58,2,Gold
C0077,Lopa Nayar,REGULAR,165612.82,2,Gold
C0295,Gavin Uppal,VIP,165275.43,2,Gold
C0270,David Devi,PREMIUM,163582.85,2,Gold
C0297,Aachal Aggarwal,PREMIUM,161348.82,2,Gold
C0375,Om Shankar,REGULAR,160975.12,2,Gold
C0120,Vedhika Dara,VIP,150102.72,2,Gold
C0326,Praneel Chhabra,REGULAR,148485.27,2,Gold
C0072,Ekaja Zachariah,VIP,147156.1,2,Gold
C0022,Kabir Soman,VIP,146959.53,2,Gold
C0118,Odika Bhagat,REGULAR,143626.22,2,Gold
C0086,Jai Barman,REGULAR,141502.49,2,Gold
C0178,Vedika Sathe,PREMIUM,139851.19,2,Gold
C0469,Rachit Sehgal,REGULAR,139067.68,2,Gold
C0382,Kevin Krish,VIP,138031.62,2,Gold
C0476,Eshana Majumdar,REGULAR,136021.84,2,Gold
C0358,Hemani Bakshi,VIP,134599.84,2,Gold
C0150,Logan Bath,PREMIUM,133821.57,2,Gold
C0092,Advaith Varughese,VIP,132923.39,2,Gold
C0290,Nidra Thakkar,PREMIUM,132876.56,2,Gold
C0017,Ishwar Yadav,REGULAR,132560.44,2,Gold
C0367,Dhriti Rama,REGULAR,132043.33,2,Gold
C0264,Falak Nagar,PREMIUM,130859.7,2,Gold
C0280,Bhavna Nagi,PREMIUM,125126.02,2,Gold
C0256,Wishi Morar,PREMIUM,122533.89,2,Gold
C0475,Aarna Nagarajan,VIP,121628.76,2,Gold
C0414,Vedant Upadhyay,PREMIUM,120075.61,2,Gold
C0015,Champak Choudhary,REGULAR,118379.54,2,Gold
C0245,Zarna Dua,VIP,118203.52,2,Gold
C0418,Nandini Biswas,REGULAR,117578.97,2,Gold
C0281,Parth Sahni,PREMIUM,113679.13,3,Silver
C0197,Raksha Sarna,REGULAR,112486.66,3,Silver
C0409,Jagdish Arora,REGULAR,112026.49,3,Silver
C0288,Sanya Loke,PREMIUM,110857.82,3,Silver
C0322,Qarin Bhargava,VIP,110259.67,3,Silver
C0442,Lipika Madan,REGULAR,110213.48,3,Silver
C0111,Anita Tella,PREMIUM,107796.33,3,Silver
C0042,Ekapad Konda,REGULAR,107346.56,3,Silver
C0084,Nihal Mukhopadhyay,PREMIUM,107283.74,3,Silver
C0223,Parth Shetty,VIP,106647.34,3,Silver
C0439,Manthan Banerjee,PREMIUM,106516.72,3,Silver
C0392,Faras Deo,PREMIUM,105030.25,3,Silver
C0494,Unnati Mittal,VIP,104525.07,3,Silver
C0185,Bimala Contractor,PREMIUM,103260.82,3,Silver
C0445,Theodore Rama,REGULAR,100860.47,3,Silver
C0362,Nitesh Kohli,VIP,99768.13,3,Silver
C0405,Pallavi Ratti,REGULAR,99626.46,3,Silver
C0432,Yochana Bawa,REGULAR,97876.03,3,Silver
C0490,Libni Bawa,PREMIUM,96759.45,3,Silver
C0145,Nitesh Kurian,VIP,96125.05,3,Silver
C0188,Yashvi Comar,PREMIUM,94041.16,3,Silver
C0057,Ranveer Kumar,REGULAR,93534.74,3,Silver
C0307,Odika Mital,VIP,92780.62,3,Silver
C0181,Siddharth Devan,VIP,90083.89,3,Silver
C0151,Wahab Yogi,REGULAR,88753.32,3,Silver
C0289,Jagvi Keer,PREMIUM,83776.48,3,Silver
C0381,Yoshita Chandran,VIP,83393.15,3,Silver
C0194,Gautam Tripathi,REGULAR,83267.11,3,Silver
C0011,Theodore Nair,REGULAR,81951.49,3,Silver
C0187,Farhan Randhawa,VIP,81857.74,3,Silver
C0385,Girik Shanker,REGULAR,81272.66,3,Silver
C0331,Vaishnavi Madan,PREMIUM,81135.98,3,Silver
C0090,Ucchal Raghavan,REGULAR,79968.69,3,Silver
C0060,Joshua Handa,REGULAR,77725.53,3,Silver
C0498,Omya Ravel,REGULAR,76621.99,3,Silver
C0047,Prisha Andra,REGULAR,73821.19,3,Silver
C0366,Jasmit Nanda,VIP,72216.36,3,Silver
C0134,Ayush Batra,PREMIUM,70622.59,3,Silver
C0183,Xiti Pandya,VIP,70330.73,3,Silver
C0179,Hemani Sani,PREMIUM,68123.57,3,Silver
C0481,Anmol Nazareth,VIP,68116.81,3,Silver
C0466,Ryan Chatterjee,PREMIUM,65829.24,3,Silver
C0318,Ekaja Jani,PREMIUM,64110.56,3,Silver
C0035,Mohammed Gupta,REGULAR,64058.24,3,Silver
C0112,Rachana Naidu,REGULAR,63656.68,3,Silver
C0239,Gagan Nagarajan,VIP,61712.31,3,Silver
C0431,Banjeet Kale,REGULAR,60604.1,3,Silver
C0087,Advik Salvi,VIP,59787.59,3,Silver
C0207,Vivaan Walla,PREMIUM,59662.92,3,Silver
C0294,Nitesh Narang,PREMIUM,58692.19,3,Silver
C0305,Neelima Sarna,PREMIUM,58434.85,3,Silver
C0104,Shravya Savant,REGULAR,58041.91,3,Silver
C0036,Dipta Bhandari,VIP,57425.53,3,Silver
C0394,Leela Chakraborty,VIP,56423.44,3,Silver
C0365,Tanish Jha,REGULAR,53918.59,3,Silver
C0338,Yatin Borah,REGULAR,52275.94,3,Silver
C0441,Anirudh Raja,PREMIUM,51612.3,3,Silver
C0144,Parth Iyer,REGULAR,49855.56,3,Silver
C0156,Jeremiah Jha,PREMIUM,49126.82,4,Bronze
C0459,Harrison Srinivas,REGULAR,48745.76,4,Bronze
C0129,Harish Vora,PREMIUM,48715.62,4,Bronze
C0337,Rachana Grewal,REGULAR,48283.63,4,Bronze
C0342,Girik Nair,REGULAR,47773.82,4,Bronze
C0172,Inaya Pillai,VIP,42151.28,4,Bronze
C0004,Abeer Dutta,REGULAR,41972.78,4,Bronze
C0458,Ojas Sachdev,REGULAR,39180.32,4,Bronze
C0170,Jason Roy,REGULAR,37424.72,4,Bronze
C0189,Warinder Chauhan,PREMIUM,36469.61,4,Bronze
C0310,Wridesh Kar,REGULAR,35971.68,4,Bronze
C0205,Mitesh Gaba,REGULAR,35796.54,4,Bronze
C0357,Sanaya Prasad,PREMIUM,33683.0,4,Bronze
C0010,Onveer Walla,REGULAR,30636.79,4,Bronze
C0434,Advik Bhatia,PREMIUM,28517.68,4,Bronze
C0225,Dayita Varma,VIP,27329.07,4,Bronze
C0166,Tanveer Sani,PREMIUM,25946.41,4,Bronze
C0069,Saanvi Thaman,PREMIUM,24036.52,4,Bronze
C0438,Orinder Pandya,VIP,23898.58,4,Bronze
C0203,Harita Sunder,PREMIUM,22256.51,4,Bronze
C0101,Harini Gour,REGULAR,22080.23,4,Bronze
C0217,Oni Shankar,VIP,20548.26,4,Bronze
C0376,Amrita Peri,PREMIUM,18694.18,4,Bronze
C0317,Advika Parsa,PREMIUM,18259.25,4,Bronze
C0142,Zashil Devan,REGULAR,17752.98,4,Bronze
C0119,Riya Behl,VIP,17716.38,4,Bronze
C0066,Leena Talwar,PREMIUM,17638.95,4,Bronze
C0082,Ryan Bahri,REGULAR,17193.01,4,Bronze
C0113,Amruta Baria,VIP,17171.79,4,Bronze
C0267,Urvi Lanka,VIP,17036.32,4,Bronze
C0068,Zaid Dara,VIP,15332.82,4,Bronze
C0397,Teerth Chadha,REGULAR,15309.31,4,Bronze
C0311,Omaja Wagle,VIP,15172.64,4,Bronze
C0379,Noah Dewan,REGULAR,12211.16,4,Bronze
C0308,Prisha Tandon,PREMIUM,11263.77,4,Bronze
C0286,Prisha Varma,PREMIUM,11088.05,4,Bronze
C0285,Akshay Nazareth,REGULAR,10027.76,4,Bronze
C0131,Faris Narasimhan,REGULAR,9382.9,4,Bronze
C0453,Chaitaly Datta,VIP,7430.46,4,Bronze
C0013,Meghana Shanker,REGULAR,6420.83,4,Bronze
C0103,Frederick Kothari,VIP,5700.81,4,Bronze
C0152,Mohammed Sachdeva,VIP,4457.14,4,Bronze
C0190,Faqid Goel,VIP,4349.18,4,Bronze
C0261,Jagat Dave,VIP,3765.58,4,Bronze
C0135,Madhav Konda,PREMIUM,3468.43,4,Bronze
C0177,Nachiket Dugar,VIP,2610.95,4,Bronze
C0007,Chaaya Pathak,PREMIUM,1880.27,4,Bronze
C0123,Maanav Rajagopal,VIP,1412.75,4,Bronze
C0220,Yashica Tripathi,REGULAR,1253.52,4,Bronze
C0143,Janya Deep,PREMIUM,1141.71,4,Bronze
C0465,Mitesh Bhagat,REGULAR,1030.04,4,Bronze
C0163,Vritti Sawhney,PREMIUM,341.82,4,Bronze
C0154,Jhalak Parmer,VIP,-27742.84,4,Bronze
C0193,Triya Seth,VIP,-48019.7,4,Bronze
C0253,Eiravati Khurana,REGULAR,-52865.0,4,Bronze
C0019,Yashica Issac,PREMIUM,-55593.57,4,Bronze
C0361,Charita Basu,VIP,-121973.58,4,Bronze
