customer_id,customer_name,revenue,cumulative_revenue,cumulative_percent
C0053,Dalaja Kari,670007.8,670007.8,1.89
C0346,Warhi Hayre,596808.96,1266816.76,3.58
C0037,Dakshesh Trivedi,596719.93,1863536.69,5.26
C0420,Xavier Shetty,576838.55,2440375.24,6.89
C0033,Vedika Srivastava,498969.3,2939344.54,8.3
C0249,Shivansh Saha,488748.37,3428092.91,9.68
C0351,Triya Kadakia,482660.52,3910753.43,11.04
C0149,Timothy Bhatnagar,472108.16,4382861.59,12.37
C0108,Ekavir Kaur,463596.92,4846458.51,13.68
C0309,Omaja Rege,440564.15,5287022.66,14.93
C0230,Damini Sehgal,438798.54,5725821.2,16.16
C0196,Harshil Oza,433646.34,6159467.54,17.39
C0393,Hemal Dara,432545.46,6592013.0,18.61
C0332,Praneel Murty,408309.19,7000322.19,19.76
C0195,Shivani Guha,406783.23,7407105.42,20.91
C0055,Ayaan D’Alia,401957.3,7809062.72,22.05
C0457,Hritik Agarwal,388652.14,8197714.86,23.14
C0093,Vrinda Khosla,388588.68,8586303.54,24.24
C0416,Udarsh Nagy,384744.28,8971047.82,25.33
C0058,Januja Sankar,367233.36,9338281.18,26.36
C0277,Wriddhish Kibe,348448.61,9686729.79,27.35
C0233,Bakhshi Date,343530.22,10030260.01,28.32
C0171,Indira Chawla,339766.27,10370026.28,29.27
C0040,Meghana Deep,338539.19,10708565.47,30.23
C0137,Tripti Kumer,338239.23,11046804.7,31.19
C0460,Chaitaly Bahri,335274.93,11382079.63,32.13
C0384,Neha Varma,330992.74,11713072.37,33.07
C0408,Radha D’Alia,324981.65,12038054.02,33.98
C0378,Reva Dalal,321146.06,12359200.08,34.89
C0402,Kevin Ram,320632.12,12679832.2,35.8
C0201,Dayita Puri,313457.67,12993289.87,36.68
C0224,Tanvi Bansal,308967.75,13302257.62,37.55
C0492,Urvi Deo,308864.53,13611122.15,38.42
C0287,Vansha Naik,298104.56,13909226.71,39.27
C0012,Amrita Bhatti,296951.77,14206178.48,40.1
C0495,Barkha Misra,292497.55,14498676.03,40.93
C0206,Janya Khanna,283494.56,14782170.59,41.73
C0333,Faraj Mistry,282547.42,15064718.01,42.53
C0271,Dipta Ghose,271247.39,15335965.4,43.29
C0473,Jai Sen,269971.26,15605936.66,44.06
C0433,Zaid Chandra,268820.25,15874756.91,44.81
C0025,Hamsini Bail,266254.0,16141010.91,45.57
C0008,Bimala Buch,263145.82,16404156.73,46.31
C0211,Rajeshri Chand,262605.45,16666762.18,47.05
C0444,Nathaniel Chaudhry,258935.96,16925698.14,47.78
C0028,Niharika Gupta,257604.37,17183302.51,48.51
C0146,Upadhriti Borra,257048.16,17440350.67,49.23
C0419,Gabriel Shan,254144.69,17694495.36,49.95
C0127,Caleb Nadkarni,251056.55,17945551.91,50.66
C0482,Vedant Desai,248614.12,18194166.03,51.36
C0202,Yashoda Pathak,247427.8,18441593.83,52.06
C0110,Bhavya Sarna,246296.16,18687889.99,52.76
C0121,Nikita Chander,243930.75,18931820.74,53.44
C0106,Oscar Borde,243805.32,19175626.06,54.13
C0160,Devansh Soni,243155.3,19418781.36,54.82
C0349,Eiravati Manne,241957.5,19660738.86,55.5
C0070,Shivani Lad,239695.85,19900434.71,56.18
C0114,Arunima Golla,236821.19,20137255.9,56.85
C0314,Varenya Joshi,235642.24,20372898.14,57.51
C0359,Jack Dhar,233426.74,20606324.88,58.17
C0030,Ikbal Kothari,225483.48,20831808.36,58.81
C0344,Charvi Loyal,220021.51,21051829.87,59.43
C0371,Ojas Suri,218796.8,21270626.67,60.05
C0447,Parth Swaminathan,218005.7,21488632.37,60.66
C0023,Siddharth Zacharia,214349.05,21702981.42,61.27
C0411,Jacob Balan,210110.19,21913091.61,61.86
C0014,Priya Rastogi,209375.06,22122466.67,62.45
C0499,Hemal Kapadia,206630.68,22329097.35,63.04
C0235,Laksh Wagle,206395.04,22535492.39,63.62
C0456,Sanya Apte,204595.69,22740088.08,64.2
C0284,Reyansh Chowdhury,199763.58,22939851.66,64.76
C0348,Laban Mital,199129.88,23138981.54,65.32
C0192,Chavvi Maharaj,198527.62,23337509.16,65.88
C0001,Aryan Maharaj,197138.98,23534648.14,66.44
C0450,Lucky Choudhry,187051.99,23721700.13,66.97
C0452,Edhitha Ghosh,186477.77,23908177.9,67.49
C0437,Rachita Rana,183686.92,24091864.82,68.01
C0347,Meghana Natarajan,183443.21,24275308.03,68.53
C0212,Chatresh Randhawa,183149.23,24458457.26,69.05
C0425,Girish Tiwari,178496.76,24636954.02,69.55
C0174,Abeer Golla,178480.61,24815434.63,70.05
C0390,Zashil Butala,176730.94,24992165.57,70.55
C0263,Laksh Nath,174527.5,25166693.07,71.05
C0486,Dalbir Krish,174198.08,25340891.15,71.54
C0448,Anmol Vyas,172840.07,25513731.22,72.03
C0278,Charles Chaudhry,172706.87,25686438.09,72.51
C0364,Meghana Balakrishnan,166545.58,25852983.67,72.98
C0077,Lopa Nayar,165612.82,26018596.49,73.45
C0295,Gavin Uppal,165275.43,26183871.92,73.92
C0270,David Devi,163582.85,26347454.77,74.38
C0297,Aachal Aggarwal,161348.82,26508803.59,74.83
C0375,Om Shankar,160975.12,26669778.71,75.29
C0120,Vedhika Dara,150102.72,26819881.43,75.71
C0326,Praneel Chhabra,148485.27,26968366.7,76.13
C0072,Ekaja Zachariah,147156.1,27115522.8,76.55
C0022,Kabir Soman,146959.53,27262482.33,76.96
C0118,Odika Bhagat,143626.22,27406108.55,77.37
C0086,Jai Barman,141502.49,27547611.04,77.77
C0178,Vedika Sathe,139851.19,27687462.23,78.16
C0469,Rachit Sehgal,139067.68,27826529.91,78.55
C0382,Kevin Krish,138031.62,27964561.53,78.94
C0476,Eshana Majumdar,136021.84,28100583.37,79.33
C0358,Hemani Bakshi,134599.84,28235183.21,79.71
C0150,Logan Bath,133821.57,28369004.78,80.09
C0092,Advaith Varughese,132923.39,28501928.17,80.46
C0290,Nidra Thakkar,132876.56,28634804.73,80.84
C0017,Ishwar Yadav,132560.44,28767365.17,81.21
C0367,Dhriti Rama,132043.33,28899408.5,81.58
C0264,Falak Nagar,130859.7,29030268.2,81.95
C0280,Bhavna Nagi,125126.02,29155394.22,82.31
C0256,Wishi Morar,122533.89,29277928.11,82.65
C0475,Aarna Nagarajan,121628.76,29399556.87,83.0
C0414,Vedant Upadhyay,120075.61,29519632.48,83.33
C0015,Champak Choudhary,118379.54,29638012.02,83.67
C0245,Zarna Dua,118203.52,29756215.54,84.0
C0418,Nandini Biswas,117578.97,29873794.51,84.33
C0281,Parth Sahni,113679.13,29987473.64,84.66
C0197,Raksha Sarna,112486.66,30099960.3,84.97
C0409,Jagdish Arora,112026.49,30211986.79,85.29
C0288,Sanya Loke,110857.82,30322844.61,85.6
C0322,Qarin Bhargava,110259.67,30433104.28,85.91
C0442,Lipika Madan,110213.48,30543317.76,86.22
C0111,Anita Tella,107796.33,30651114.09,86.53
C0042,Ekapad Konda,107346.56,30758460.65,86.83
C0084,Nihal Mukhopadhyay,107283.74,30865744.39,87.13
C0223,Parth Shetty,106647.34,30972391.73,87.44
C0439,Manthan Banerjee,106516.72,31078908.45,87.74
C0392,Faras Deo,105030.25,31183938.7,88.03
C0494,Unnati Mittal,104525.07,31288463.77,88.33
C0185,Bimala Contractor,103260.82,31391724.59,88.62
C0445,Theodore Rama,100860.47,31492585.06,88.9
C0362,Nitesh Kohli,99768.13,31592353.19,89.19
C0405,Pallavi Ratti,99626.46,31691979.65,89.47
C0432,Yochana Bawa,97876.03,31789855.68,89.74
C0490,Libni Bawa,96759.45,31886615.13,90.02
C0145,Nitesh Kurian,96125.05,31982740.18,90.29
C0188,Yashvi Comar,94041.16,32076781.34,90.55
C0057,Ranveer Kumar,93534.74,32170316.08,90.82
C0307,Odika Mital,92780.62,32263096.7,91.08
C0181,Siddharth Devan,90083.89,32353180.59,91.33
C0151,Wahab Yogi,88753.32,32441933.91,91.58
C0289,Jagvi Keer,83776.48,32525710.39,91.82
C0381,Yoshita Chandran,83393.15,32609103.54,92.06
C0194,Gautam Tripathi,83267.11,32692370.65,92.29
C0011,Theodore Nair,81951.49,32774322.14,92.52
C0187,Farhan Randhawa,81857.74,32856179.88,92.75
C0385,Girik Shanker,81272.66,32937452.54,92.98
C0331,Vaishnavi Madan,81135.98,33018588.52,93.21
C0090,Ucchal Raghavan,79968.69,33098557.21,93.44
C0060,Joshua Handa,77725.53,33176282.74,93.66
C0498,Omya Ravel,76621.99,33252904.73,93.87
C0047,Prisha Andra,73821.19,33326725.92,94.08
C0366,Jasmit Nanda,72216.36,33398942.28,94.29
C0134,Ayush Batra,70622.59,33469564.87,94.49
C0183,Xiti Pandya,70330.73,33539895.6,94.68
C0179,Hemani Sani,68123.57,33608019.17,94.88
C0481,Anmol Nazareth,68116.81,33676135.98,95.07
C0466,Ryan Chatterjee,65829.24,33741965.22,95.25
C0318,Ekaja Jani,64110.56,33806075.78,95.44
C0035,Mohammed Gupta,64058.24,33870134.02,95.62
C0112,Rachana Naidu,63656.68,33933790.7,95.8
C0239,Gagan Nagarajan,61712.31,33995503.01,95.97
C0431,Banjeet Kale,60604.1,34056107.11,96.14
C0087,Advik Salvi,59787.59,34115894.7,96.31
C0207,Vivaan Walla,59662.92,34175557.62,96.48
C0294,Nitesh Narang,58692.19,34234249.81,96.64
C0305,Neelima Sarna,58434.85,34292684.66,96.81
C0104,Shravya Savant,58041.91,34350726.57,96.97
C0036,Dipta Bhandari,57425.53,34408152.1,97.13
C0394,Leela Chakraborty,56423.44,34464575.54,97.29
C0365,Tanish Jha,53918.59,34518494.13,97.45
C0338,Yatin Borah,52275.94,34570770.07,97.59
C0441,Anirudh Raja,51612.3,34622382.37,97.74
C0144,Parth Iyer,49855.56,34672237.93,97.88
C0156,Jeremiah Jha,49126.82,34721364.75,98.02
C0459,Harrison Srinivas,48745.76,34770110.51,98.16
C0129,Harish Vora,48715.62,34818826.13,98.29
C0337,Rachana Grewal,48283.63,34867109.76,98.43
C0342,Girik Nair,47773.82,34914883.58,98.57
C0172,Inaya Pillai,42151.28,34957034.86,98.68
C0004,Abeer Dutta,41972.78,34999007.64,98.8
C0458,Ojas Sachdev,39180.32,35038187.96,98.91
C0170,Jason Roy,37424.72,35075612.68,99.02
C0189,Warinder Chauhan,36469.61,35112082.29,99.12
C0310,Wridesh Kar,35971.68,35148053.97,99.22
C0205,Mitesh Gaba,35796.54,35183850.51,99.32
C0357,Sanaya Prasad,33683.0,35217533.51,99.42
C0010,Onveer Walla,30636.79,35248170.3,99.51
C0434,Advik Bhatia,28517.68,35276687.98,99.59
C0225,Dayita Varma,27329.07,35304017.05,99.66
C0166,Tanveer Sani,25946.41,35329963.46,99.74
C0069,Saanvi Thaman,24036.52,35353999.98,99.8
C0438,Orinder Pandya,23898.58,35377898.56,99.87
C0203,Harita Sunder,22256.51,35400155.07,99.94
C0101,Harini Gour,22080.23,35422235.3,100.0
C0217,Oni Shankar,20548.26,35442783.56,100.06
C0376,Amrita Peri,18694.18,35461477.74,100.11
C0317,Advika Parsa,18259.25,35479736.99,100.16
C0142,Zashil Devan,17752.98,35497489.97,100.21
C0119,Riya Behl,17716.38,35515206.35,100.26
C0066,Leena Talwar,17638.95,35532845.3,100.31
C0082,Ryan Bahri,17193.01,35550038.31,100.36
C0113,Amruta Baria,17171.79,35567210.1,100.41
C0267,Urvi Lanka,17036.32,35584246.42,100.45
C0068,Zaid Dara,15332.82,35599579.24,100.5
C0397,Teerth Chadha,15309.31,35614888.55,100.54
C0311,Omaja Wagle,15172.64,35630061.19,100.58
C0379,Noah Dewan,12211.16,35642272.35,100.62
C0308,Prisha Tandon,11263.77,35653536.12,100.65
C0286,Prisha Varma,11088.05,35664624.17,100.68
C0285,Akshay Nazareth,10027.76,35674651.93,100.71
C0131,Faris Narasimhan,9382.9,35684034.83,100.74
C0453,Chaitaly Datta,7430.46,35691465.29,100.76
C0013,Meghana Shanker,6420.83,35697886.12,100.78
C0103,Frederick Kothari,5700.81,35703586.93,100.79
C0152,Mohammed Sachdeva,4457.14,35708044.07,100.8
C0190,Faqid Goel,4349.18,35712393.25,100.82
C0261,Jagat Dave,3765.58,35716158.83,100.83
C0135,Madhav Konda,3468.43,35719627.26,100.84
C0177,Nachiket Dugar,2610.95,35722238.21,100.84
C0007,Chaaya Pathak,1880.27,35724118.48,100.85
C0123,Maanav Rajagopal,1412.75,35725531.23,100.85
C0220,Yashica Tripathi,1253.52,35726784.75,100.86
C0143,Janya Deep,1141.71,35727926.46,100.86
C0465,Mitesh Bhagat,1030.04,35728956.5,100.86
C0163,Vritti Sawhney,341.82,35729298.32,100.86
C0154,Jhalak Parmer,-27742.84,35701555.48,100.79
C0193,Triya Seth,-48019.7,35653535.78,100.65
C0253,Eiravati Khurana,-52865.0,35600670.78,100.5
C0019,Yashica Issac,-55593.57,35545077.21,100.34
C0361,Charita Basu,-121973.58,35423103.63,100.0
